time,open,high,low,close,MA,Smoothing Line,MA,Smoothing Line,Volume,Volume MA,Histogram,MACD,Signal,Plot,Plot,Plot
1651834320,32965,32965,32939,32940,32965.346153846156,32965.24615384608,32960,32961.44999999994,239,153,-1.5512941079823983,-0.31566419683076674,1.2356299111516316,-0.31566419683076674,1.2356299111516316,-1.5512941079823983
1651834380,32940,32951,32939,32945,32964.730769230766,32965.376923076845,32959.5,32961.049999999945,169,151.9,-2.186095963991134,-1.496990043837286,0.689105920153848,-1.496990043837286,0.689105920153848,-2.186095963991134
1651834440,32946,32946,32933,32941,32963.53846153846,32965.09230769223,32957.5,32960.183333333276,150,151.55,-2.7309318088012775,-2.724558840847749,0.006372967953528597,-2.724558840847749,0.006372967953528597,-2.7309318088012775
1651834500,32940,32940,32929,32933,32961.96153846154,32964.338461538384,32954.416666666664,32958.63333333328,149,150.2,-3.43986381471066,-4.293456800434797,-0.8535929857241366,-4.293456800434797,-0.8535929857241366,-3.43986381471066
1651834560,32934,32934,32922,32924,32959.61538461538,32963.03846153839,32951.5,32956.58333333327,140,145.4,-4.27046224648968,-6.191670793836238,-1.921208547346557,-6.191670793836238,-1.921208547346557,-4.27046224648968
1651834620,32924,32928,32918,32924,32957.03846153846,32961.376923076845,32948.916666666664,32954.3666666666,119,143.3,-4.549685273000667,-7.608315138597391,-3.058629865596724,-7.608315138597391,-3.058629865596724,-4.549685273000667
1651834680,32923,32929,32913,32926,32954.692307692305,32959.36923076915,32946.666666666664,32951.79999999994,173,143.4,-4.3306745642806765,-8.47197307094757,-4.141298506666893,-8.47197307094757,-4.141298506666893,-4.3306745642806765
1651834740,32927,32949,32923,32946,32953.96153846154,32957.45384615377,32945.5,32949.39999999994,170,144.9,-2.6522730739004086,-7.4566398490424035,-4.804366775141995,-7.4566398490424035,-4.804366775141995,-2.6522730739004086
1651834800,32946,32947,32912,32915,32952.07692307692,32955.47692307685,32941.666666666664,32946.84999999993,261,150.95,-3.3957940820944303,-9.049109377760033,-5.653315295665602,-9.049109377760033,-5.653315295665602,-3.3957940820944303
1651834860,32914,32915,32903,32907,32950.03846153846,32953.561538461465,32936.583333333336,32943.8666666666,233,155.3,-4.142806622679749,-10.831823574015289,-6.68901695133554,-10.831823574015289,-6.68901695133554,-4.142806622679749
1651834920,32908,32926,32905,32918,32948.57692307692,32951.86923076915,32931.916666666664,32940.4666666666,253,161.25,-3.6308700495398103,-11.227604513260303,-7.596734463720493,-11.227604513260303,-7.596734463720493,-3.6308700495398103
1651834980,32919,32931,32915,32922,32946.96153846154,32950.323076923,32928.416666666664,32936.81666666661,151,162.05,-2.795133282340716,-11.090651066646387,-8.295517784305671,-11.090651066646387,-8.295517784305671,-2.795133282340716
1651835040,32921,32921,32904,32906,32944.5,32948.43076923069,32925.583333333336,32932.83333333327,151,162.6,-3.0702381310964952,-12.13331544817629,-9.063077317079795,-12.13331544817629,-9.063077317079795,-3.0702381310964952
1651835100,32906,32908,32896,32905,32942.03846153846,32946.423076923,32922.25,32928.94999999994,187,165.15,-3.0629128823739684,-12.891718420047255,-9.828805537673286,-12.891718420047255,-9.828805537673286,-3.0629128823739684
1651835160,32905,32916,32903,32909,32940.03846153846,32944.423076923,32919.583333333336,32925.549999999945,146,165.55,-2.5528806046663384,-13.01990629350621,-10.467025688839872,-13.01990629350621,-10.467025688839872,-2.5528806046663384
1651835220,32910,32914,32896,32911,32938.5,32942.40769230762,32917.75,32922.7166666666,151,166.75,-1.8763148313755416,-12.812419228059298,-10.936104396683756,-12.812419228059298,-10.936104396683756,-1.8763148313755416
1651835280,32911,32911,32887,32893,32935.730769230766,32940.16153846146,32915.166666666664,32920.06666666661,173,168.05,-2.402912560461825,-13.939745097261039,-11.536832536799213,-13.939745097261039,-11.536832536799213,-2.402912560461825
1651835340,32894,32896,32880,32889,32932.61538461538,32937.784615384546,32912.25,32917.399999999936,154,169.85,-2.7571007233380644,-14.983208440971794,-12.22610771763373,-14.983208440971794,-12.22610771763373,-2.7571007233380644
1651835400,32888,32891,32881,32885,32929.769230769234,32935.33076923069,32908.833333333336,32914.7166666666,173,174.8,-2.9783747912179557,-15.949076206656173,-12.970701415438217,-15.949076206656173,-12.970701415438217,-2.9783747912179557
1651835460,32884,32890,32876,32885,32927.07692307692,32932.73846153838,32903.75,32911.54999999994,216,177.9,-2.8426823531707193,-16.524054356901615,-13.681372003730896,-16.524054356901615,-13.681372003730896,-2.8426823531707193
1651835520,32884,32885,32867,32872,32923.96153846154,32929.83076923069,32900.166666666664,32908.03333333327,237,177.8,-3.3135140281584228,-17.823264538928925,-14.509750510770502,-17.823264538928925,-14.509750510770502,-3.3135140281584228
1651835580,32870,32873,32859,32863,32920.230769230766,32926.73076923069,32896.5,32904.29999999993,163,177.5,-3.876998668454382,-19.35599884633848,-15.479000177884098,-19.35599884633848,-15.479000177884098,-3.876998668454382
1651835640,32863,32868,32854,32860,32916.346153846156,32923.47692307685,32891.666666666664,32900.18333333327,153,177.65,-4.077275149359529,-20.57559411458351,-16.49831896522398,-20.57559411458351,-16.49831896522398,-4.077275149359529
1651835700,32861,32865,32853,32855,32912,32919.923076923,32886.083333333336,32895.63333333326,126,176.5,-4.157743361210255,-21.695498166736797,-17.537754805526543,-21.695498166736797,-17.537754805526543,-4.157743361210255
1651835760,32854,32861,32840,32854,32907.38461538462,32915.984615384536,32881.75,32891.233333333264,237,181.35,-3.8941528010466904,-22.405445806834905,-18.511293005788215,-22.405445806834905,-18.511293005788215,-3.8941528010466904
1651835820,32854,32863,32850,32855,32903.192307692305,32911.83076923069,32877.583333333336,32886.7166666666,186,184.7,-3.2922198312701347,-22.626567794875882,-19.334347963605747,-22.626567794875882,-19.334347963605747,-3.2922198312701347
1651835880,32854,32856,32844,32849,32899.692307692305,32907.723076923,32872.583333333336,32881.93333333326,159,184,-2.9489947266267365,-23.020591371889168,-20.07159664526243,-23.020591371889168,-20.07159664526243,-2.9489947266267365
1651835940,32849,32859,32844,32848,32895.96153846154,32903.64615384608,32867.333333333336,32877.06666666659,151,183.05,-2.4601054523898362,-23.146728460749728,-20.68662300835989,-23.146728460749728,-20.68662300835989,-2.4601054523898362
1651836000,32847,32865,32847,32858,32892.769230769234,32899.79999999993,32864.416666666664,32872.73333333326,182,179.1,-1.1979437022948431,-22.184052636228444,-20.9861089339336,-22.184052636228444,-20.9861089339336,-1.1979437022948431
1651836060,32859,32879,32858,32872,32890.42307692308,32896.40769230762,32863,32868.98333333326,195,177.2,0.7407266616077592,-20.0602006069239,-20.80092726853166,-20.0602006069239,-20.80092726853166,0.7407266616077592
1651836120,32873,32878,32855,32858,32887.88461538462,32893.34615384608,32860.75,32865.61666666659,231,176.1,1.2132083617335816,-19.284416816364683,-20.497625178098264,-19.284416816364683,-20.497625178098264,1.2132083617335816
1651836180,32858,32867,32852,32862,32885.5,32890.50769230763,32858.833333333336,32862.86666666659,156,176.35,1.8878959421949872,-18.13775525035453,-20.025651192549518,-18.13775525035453,-20.025651192549518,1.8878959421949872
1651836240,32862,32876,32861,32872,32883.42307692308,32887.99999999993,32858.833333333336,32861.166666666584,187,178.15,3.032557099407505,-16.234954818290134,-19.26751191769764,-16.234954818290134,-19.26751191769764,3.032557099407505
1651836300,32870,32872,32852,32854,32879.88461538462,32885.423076923005,32858.083333333336,32859.89999999992,211,179.35,2.617977162355391,-15.995040464753401,-18.613017627108793,-15.995040464753401,-18.613017627108793,2.617977162355391
1651836360,32854,32863,32846,32856,32877.61538461538,32882.86153846147,32857.75,32858.84999999992,203,182.2,2.518214457137052,-15.465249555687478,-17.98346401282453,-15.465249555687478,-17.98346401282453,2.518214457137052
1651836420,32857,32865,32852,32863,32875.92307692308,32880.46923076916,32858.416666666664,32858.38333333325,163,182.8,2.934351618622763,-14.315524489546078,-17.24987610816884,-14.315524489546078,-17.24987610816884,2.934351618622763
1651836480,32863,32868,32856,32864,32873.846153846156,32878.138461538394,32859.25,32858.46666666658,140,181.15,3.262436260477301,-13.171830782572215,-16.434267043049516,-13.171830782572215,-16.434267043049516,3.262436260477301
1651836540,32864,32869,32859,32860,32871.46153846154,32875.74615384608,32859.666666666664,32858.633333333244,143,180.6,3.1916084785719026,-12.444756444834638,-15.636364923406541,-12.444756444834638,-15.636364923406541,3.1916084785719026
1651836600,32859,32863,32834,32839,32868.88461538462,32873.54615384608,32858.833333333336,32858.78333333325,313,187.6,1.782288420824825,-13.40850439737551,-15.190792818200334,-13.40850439737551,-15.190792818200334,1.782288420824825
1651836660,32838,32847,32828,32841,32866.42307692308,32871.30769230762,32858.25,32858.88333333325,424,198,1.0716502936756438,-13.851229951105779,-14.922880244781423,-13.851229951105779,-14.922880244781423,1.0716502936756438
1651836720,32840,32860,32837,32857,32864.42307692308,32869.00769230763,32858.166666666664,32858.83333333325,248,198.55,1.7271900754581555,-12.763892650458729,-14.491082725916884,-12.763892650458729,-14.491082725916884,1.7271900754581555
1651836780,32858,32861,32851,32856,32862.307692307695,32866.69999999993,32856.833333333336,32858.34999999992,133,197.05,2.1158223242568415,-11.846304820595833,-13.962127144852674,-11.846304820595833,-13.962127144852674,2.1158223242568415
1651836840,32855,32874,32852,32871,32861.46153846154,32864.69999999993,32857.916666666664,32857.99999999992,173,198.05,3.3330495915873612,-9.795815155368473,-13.128864746955834,-9.795815155368473,-13.128864746955834,3.3330495915873612
1651836900,32871,32879,32859,32860,32860.346153846156,32862.99230769224,32857.75,32857.783333333246,239,203.7,3.3389591457674044,-8.955165814746579,-12.294124960513983,-8.955165814746579,-12.294124960513983,3.3389591457674044
1651836960,32860,32864,32850,32853,32859.11538461538,32861.530769230696,32856.166666666664,32857.36666666658,150,199.35,2.8329889278511704,-8.75288880070002,-11.585877728551191,-8.75288880070002,-11.585877728551191,2.8329889278511704
1651837020,32852,32881,32850,32878,32858.846153846156,32860.41538461531,32858.166666666664,32857.36666666658,268,203.45,4.06841446778637,-6.5003596438182285,-10.568774111604599,-6.5003596438182285,-10.568774111604599,4.06841446778637
1651837080,32880,32884,32872,32884,32859.307692307695,32859.815384615315,32860.5,32858.09999999991,149,202.95,5.108741731987699,-4.182846946619975,-9.291588678607674,-4.182846946619975,-9.291588678607674,5.108741731987699
1651837140,32884,32884,32875,32883,32860.07692307692,32859.53846153839,32862.166666666664,32858.94999999991,141,202.45,5.513881999877759,-2.399236178760475,-7.913118178638234,-2.399236178760475,-7.913118178638234,5.513881999877759
1651837200,32882,32884,32875,32876,32860.692307692305,32859.60769230762,32863.166666666664,32860.033333333246,180,202.35,5.104188006454483,-1.5328831705701305,-6.637071177024613,-1.5328831705701305,-6.637071177024613,5.104188006454483
1651837260,32876,32891,32875,32890,32862.03846153846,32860.19230769224,32865.666666666664,32861.93333333324,173,201.25,5.533785983358033,0.2801613021729281,-5.253624681185105,0.2801613021729281,-5.253624681185105,5.533785983358033
1651837320,32891,32896,32882,32885,32863.230769230766,32861.06923076916,32869.5,32864.1999999999,172,198.3,5.241767441491541,1.2985846206793212,-3.9431828208122197,1.2985846206793212,-3.9431828208122197,5.241767441491541
1651837380,32884,32892,32877,32891,32864.61538461538,32862.130769230695,32873.666666666664,32866.833333333234,128,196.9,5.20280899389298,2.5603284215540043,-2.642480572338975,2.5603284215540043,-2.642480572338975,5.20280899389298
1651837440,32890,32898,32885,32895,32866.38461538462,32863.39230769223,32876.833333333336,32869.76666666657,137,194.4,5.185012395239669,3.8387849217106123,-1.3462274735290571,3.8387849217106123,-1.3462274735290571,5.185012395239669
1651837500,32894,32894,32880,32892,32868.07692307692,32864.86923076915,32879.833333333336,32873.099999999904,100,188.85,4.722871221846948,4.557361553779629,-0.16550966806732004,4.557361553779629,-0.16550966806732004,4.722871221846948
1651837560,32891,32892,32882,32889,32869.269230769234,32866.315384615315,32881.333333333336,32876.23333333324,113,184.35,3.995685302499161,4.829096960056631,0.8334116575574703,4.829096960056631,0.8334116575574703,3.995685302499161
1651837620,32888,32889,32882,32889,32869.92307692308,32867.65384615377,32883.75,32879.08333333324,91,180.75,3.322840775071739,4.986962626397144,1.664121851325405,4.986962626397144,1.664121851325405,3.322840775071739
1651837680,32889,32892,32882,32888,32871.07692307692,32868.94615384609,32886.666666666664,32881.68333333324,102,178.85,2.6479369111996442,4.9740429903249606,2.3261060791253163,4.9740429903249606,2.3261060791253163,2.6479369111996442
1651837740,32889,32889,32878,32878,32871.692307692305,32870.00769230763,32886.666666666664,32883.64999999991,64,174.9,1.4267277127082885,4.109515720010677,2.6827880073023884,4.109515720010677,2.6827880073023884,1.4267277127082885
1651837800,32879,32886,32878,32879,32871.96153846154,32870.784615384546,32886.25,32884.93333333324,80,163.25,0.6258652192431469,3.465119531356322,2.8392543121131752,3.465119531356322,2.8392543121131752,0.6258652192431469
1651837860,32879,32886,32869,32873,32872.692307692305,32871.46923076916,32885.416666666664,32885.749999999905,115,147.8,-0.3176996878621754,2.442129702285456,2.7598293901476314,2.442129702285456,2.7598293901476314,-0.3176996878621754
1651837920,32874,32884,32873,32883,32873.730769230766,32872.23076923069,32886,32886.19999999991,102,140.5,-0.27943774870456206,2.4105322042669286,2.6899699529714907,2.4105322042669286,2.6899699529714907,-0.27943774870456206
1651837980,32883,32886,32875,32885,32874.57692307692,32872.93076923069,32885.583333333336,32885.983333333235,92,138.45,-0.13769593291524052,2.51785003682744,2.6555459697426804,2.51785003682744,2.6555459697426804,-0.13769593291524052
1651838040,32885,32886,32873,32876,32875.03846153846,32873.59999999992,32884.833333333336,32885.61666666657,73,133.45,-0.6402057405108432,1.8552887941041263,2.4954945346149695,1.8552887941041263,2.4954945346149695,-0.6402057405108432
1651838100,32877,32899,32877,32897,32876.46153846154,32874.49999999992,32885.333333333336,32885.43333333324,167,129.85,0.3958114829812134,2.9902588883414865,2.594447405360273,2.9902588883414865,2.594447405360273,0.3958114829812134
1651838160,32898,32905,32889,32890,32878.42307692308,32875.64615384607,32884.916666666664,32885.333333333234,160,130.35,0.554041187209882,3.286998889372626,2.732957702162744,3.286998889372626,2.732957702162744,0.554041187209882
1651838220,32890,32891,32865,32871,32879.57692307692,32876.8153846153,32883.166666666664,32884.76666666657,222,128.05,-0.6132787203735752,1.9663593016957748,2.57963802206935,1.9663593016957748,2.57963802206935,-0.6132787203735752
1651838280,32869,32876,32868,32874,32880.230769230766,32877.94615384607,32881.916666666664,32884.03333333323,149,128.05,-1.1448482157708582,1.1485777523557772,2.2934259681266354,1.1485777523557772,2.2934259681266354,-1.1448482157708582
1651838340,32875,32894,32875,32888,32881.46153846154,32879.230769230686,32881.833333333336,32883.43333333324,127,127.35,-0.5454722753599821,1.6115856239266577,2.15705789928664,1.6115856239266577,2.15705789928664,-0.5454722753599821
1651838400,32889,32895,32880,32889,32882.153846153844,32880.36923076915,32881.916666666664,32882.7499999999,197,128.2,-0.09704831103134515,2.0357475104974583,2.1327958215288034,2.0357475104974583,2.1327958215288034,-0.09704831103134515
1651838460,32890,32894,32887,32889,32883.269230769234,32881.338461538384,32882.833333333336,32882.333333333234,117,125.4,0.16965828283356243,2.3448686750707566,2.175210392237194,2.3448686750707566,2.175210392237194,0.16965828283356243
1651838520,32888,32899,32887,32890,32884.692307692305,32882.36153846145,32883.75,32882.4499999999,132,123.4,0.37191772725492145,2.640107551305846,2.2681898240509244,2.640107551305846,2.2681898240509244,0.37191772725492145
1651838580,32889,32904,32889,32902,32885.61538461538,32883.43846153838,32886.166666666664,32883.2999999999,153,124.65,1.2243267989170339,3.7985983226972166,2.5742715237801828,3.7985983226972166,2.5742715237801828,1.2243267989170339
1651838640,32901,32914,32901,32908,32886.53846153846,32884.45384615377,32888.25,32884.583333333234,146,125.1,2.0538558980326687,5.141591396321019,3.08773549828835,5.141591396321019,3.08773549828835,2.0538558980326687
1651838700,32908,32909,32891,32895,32887,32885.423076923,32889.083333333336,32886.01666666657,142,127.2,1.6083422219316983,5.098163275702973,3.4898210537712746,5.098163275702973,3.4898210537712746,1.6083422219316983
1651838760,32895,32903,32893,32896,32887.769230769234,32886.32307692299,32890.75,32887.599999999904,103,126.7,1.2767925552681776,5.085811747856496,3.809019192588319,5.085811747856496,3.809019192588319,1.2767925552681776
1651838820,32897,32915,32896,32912,32888.61538461538,32887.10769230761,32892,32889.249999999905,207,132.5,1.9884085920226005,6.29452993261657,4.306121340593969,6.29452993261657,4.306121340593969,1.9884085920226005
1651838880,32911,32925,32911,32919,32889.92307692308,32887.96923076915,32894.416666666664,32890.89999999991,231,138.95,2.7376656339114955,7.728203382983338,4.9905377490718426,7.728203382983338,4.9905377490718426,2.7376656339114955
1651838940,32920,32932,32919,32924,32891.192307692305,32888.89999999992,32898.833333333336,32893.01666666657,122,141.85,3.3373630149758853,9.1622415177917,5.824878502815814,9.1622415177917,5.824878502815814,3.3373630149758853
1651839000,32924,32928,32918,32925,32892.346153846156,32889.96923076915,32903.083333333336,32895.81666666657,128,144.25,3.5490049897660754,10.261134740023408,6.712129750257333,10.261134740023408,6.712129750257333,3.5490049897660754
1651839060,32924,32929,32922,32926,32893.653846153844,32891.14615384607,32906.25,32898.91666666657,153,146.15,3.498237831473557,11.084927039599279,7.586689208125722,11.084927039599279,7.586689208125722,3.498237831473557
1651839120,32927,32934,32921,32927,32895.11538461538,32892.44615384607,32909.416666666664,32902.39999999991,152,148.65,3.277685818971859,11.683796481840545,8.406110662868686,11.683796481840545,8.406110662868686,3.277685818971859
1651839180,32927,32930,32919,32921,32896.346153846156,32893.730769230686,32912.083333333336,32905.93333333325,88,148.45,2.5080834943539667,11.541215030811145,9.033131536457178,11.541215030811145,9.033131536457178,2.5080834943539667
1651839240,32921,32922,32911,32915,32897.38461538462,32894.96923076915,32914.166666666664,32908.999999999905,87,149.15,1.4289744669245898,10.819349620112916,9.390375153188327,10.819349620112916,9.390375153188327,1.4289744669245898
1651839300,32914,32919,32910,32911,32898.653846153844,32896.230769230686,32914.916666666664,32911.36666666658,76,144.6,0.33681971844241865,9.81139980124135,9.474580082798932,9.81139980124135,9.474580082798932,0.33681971844241865
1651839360,32912,32920,32910,32911,32899.88461538462,32897.47692307684,32915.166666666664,32913.14999999991,105,141.85,-0.4517563036383372,8.90988470325101,9.361641006889347,8.90988470325101,9.361641006889347,-0.4517563036383372
1651839420,32912,32918,32909,32918,32901.61538461538,32898.776923076846,32917.083333333336,32914.68333333325,99,135.7,-0.5609633124516815,8.660436866324744,9.221400178776426,8.660436866324744,9.221400178776426,-0.5609633124516815
1651839480,32918,32927,32917,32917,32902.92307692308,32900.092307692226,32918.833333333336,32916.033333333246,96,133.05,-0.7478929351348533,8.28653400985786,9.034426944992713,8.28653400985786,9.034426944992713,-0.7478929351348533
1651839540,32918,32928,32917,32923,32904.38461538462,32901.49230769223,32919.75,32917.14999999991,86,131,-0.5253101807439045,8.377789219062834,8.903099399806738,8.377789219062834,8.903099399806738,-0.5253101807439045
1651839600,32924,32926,32908,32908,32905.61538461538,32902.88461538453,32918.833333333336,32917.93333333325,78,125.05,-1.3966948097666574,7.157230887598416,8.553925697365074,7.157230887598416,8.553925697365074,-1.3966948097666574
1651839660,32909,32923,32909,32918,32906.42307692308,32904.19230769222,32918.333333333336,32918.56666666658,105,124.45,-1.309452633461353,6.917109905538382,8.226562538999735,6.917109905538382,8.226562538999735,-1.309452633461353
1651839720,32918,32922,32910,32911,32907.230769230766,32905.3153846153,32917.166666666664,32918.58333333324,114,123.55,-1.7078509037795175,6.0917489092753385,7.799599813054856,6.0917489092753385,7.799599813054856,-1.7078509037795175
1651839780,32911,32918,32906,32906,32908.57692307692,32906.44615384607,32915.5,32917.91666666657,112,121.5,-2.2582266366671906,4.976816517220868,7.235043153888059,4.976816517220868,7.235043153888059,-2.2582266366671906
1651839840,32907,32909,32899,32909,32909.92307692308,32907.553846153765,32914,32916.76666666657,113,119.85,-2.359319027583889,4.285894369408197,6.645213396992086,4.285894369408197,6.645213396992086,-2.359319027583889
1651839900,32909,32912,32902,32906,32910.61538461538,32908.553846153765,32912.75,32915.5499999999,159,120.7,-2.5510385112470626,3.4564152579332585,6.007453769180321,3.4564152579332585,6.007453769180321,-2.5510385112470626
1651839960,32906,32909,32881,32888,32910.57692307692,32909.38461538453,32910.5,32913.983333333235,173,124.2,-3.7409616732362494,1.3312516776350094,5.072213350871259,1.3312516776350094,5.072213350871259,-3.7409616732362494
1651840020,32887,32908,32880,32906,32911.230769230766,32910.184615384525,32910.083333333336,32912.566666666564,210,124.35,-3.1881995181754004,1.086963953152008,4.275163471327408,1.086963953152008,4.275163471327408,-3.1881995181754004
1651840080,32906,32944,32897,32917,32912.269230769234,32910.92307692299,32910.583333333336,32911.583333333234,556,140.6,-2.0115897684937907,1.76067626071017,3.7722660292039607,1.76067626071017,3.7722660292039607,-2.0115897684937907
1651840140,32918,32924,32903,32920,32912.96153846154,32911.53076923068,32910.75,32910.93333333323,345,151.75,-1.0116007503225082,2.5077650913008256,3.5193658416233338,2.5077650913008256,3.5193658416233338,-1.0116007503225082
1651840200,32919,33066,32919,33038,32917.96153846154,32912.999999999905,32920.833333333336,32912.549999999894,1670,228.85,7.1666017200750325,12.477617991717125,5.311016271642092,12.477617991717125,5.311016271642092,7.1666017200750325
1651840260,33038,33044,32971,32983,32921.346153846156,32915.15384615376,32925.833333333336,32915.61666666657,1422,292.3,8.358464454456392,15.759096839712583,7.400632385256191,15.759096839712583,7.400632385256191,8.358464454456392
1651840320,32984,33006,32957,32991,32925,32917.907692307606,32932.75,32920.14999999989,902,329.8,9.110407565484044,18.788641842111247,9.678234276627203,18.788641842111247,9.678234276627203,9.110407565484044
1651840380,32990,33001,32957,32965,32927.03846153846,32920.86153846145,32936.666666666664,32925.36666666656,719,361.35,7.356634447354114,18.874027335819846,11.517392888465732,18.874027335819846,11.517392888465732,7.356634447354114
1651840440,32964,32994,32964,32990,32929.769230769234,32924.22307692299,32943.25,32931.86666666657,621,388.05,7.3621962221014225,20.72013816609251,13.357941943991088,20.72013816609251,13.357941943991088,7.3621962221014225
1651840500,32993,33028,32978,33025,32933.653846153844,32927.36153846145,32953.166666666664,32938.33333333323,683,418.4,9.091580170067793,24.72241715657583,15.630836986508037,24.72241715657583,15.630836986508037,9.091580170067793
1651840560,33027,33060,33027,33055,32938.653846153844,32930.823076922985,32965.333333333336,32946.23333333323,580,442.15,11.470955426670294,29.969531269845902,18.498575843175608,29.969531269845902,18.498575843175608,11.470955426670294
1651840620,33054,33062,33003,33025,32942.46153846154,32934.3153846153,32975.25,32954.733333333235,744,474.4,10.277797403602886,31.345822597679216,21.06802519407633,31.345822597679216,21.06802519407633,10.277797403602886
1651840680,33025,33046,33024,33037,32946.692307692305,32938.24615384607,32987.666666666664,32964.93333333323,507,494.95,9.56490874855907,33.024161129775166,23.459252381216096,33.024161129775166,23.459252381216096,9.56490874855907
1651840740,33036,33062,33034,33034,32951.03846153846,32942.49999999991,32998.333333333336,32975.949999999895,532,517.25,8.211349111225779,33.72343877024832,25.512089659022543,33.72343877024832,25.512089659022543,8.211349111225779
1651840800,33035,33041,33014,33019,32955.03846153846,32946.77692307684,33006.833333333336,32986.68333333323,407,533.7,5.742657855468035,32.69041197835759,26.947754122889553,32.69041197835759,26.947754122889553,5.742657855468035
1651840860,33019,33025,32997,33003,32958.57692307692,32950.761538461455,33013.75,32996.36666666657,409,548.9,2.627530237236563,30.232166919435258,27.604636682198695,30.232166919435258,27.604636682198695,2.627530237236563
1651840920,33003,33019,32987,32993,32961.730769230766,32954.6153846153,33010,33003.31666666657,419,564.15,-0.3525537221877073,27.16394452946406,27.516498251651768,27.16394452946406,27.516498251651768,-0.3525537221877073
1651840980,32992,33000,32980,32984,32964.269230769234,32958.13076923069,33010.083333333336,33007.7999999999,315,574.3,-3.027152801934495,23.73255724923365,26.759710051168145,23.73255724923365,26.759710051168145,-3.027152801934495
1651841040,32982,32985,32969,32974,32966.46153846154,32961.2153846153,33008.666666666664,33009.86666666657,265,581.9,-5.426991144245896,19.975971120860777,25.402962265106673,19.975971120860777,25.402962265106673,-5.426991144245896
1651841100,32975,32983,32967,32976,32968.5,32963.907692307606,33009.583333333336,33010.41666666657,221,585,-6.750630111491585,16.96467462574219,23.715304737233776,16.96467462574219,23.715304737233776,-6.750630111491585
1651841160,32978,32978,32939,32943,32969.846153846156,32966.16153846145,33005.666666666664,33008.7999999999,374,595.05,-9.54857300010611,11.779588487101137,21.328161487207247,11.779588487101137,21.328161487207247,-9.54857300010611
1651841220,32942,32960,32936,32939,32970.653846153844,32967.94615384607,32998.5,33006.499999999905,294,599.25,-11.251432854953332,7.26387041851558,18.515303273468913,7.26387041851558,18.515303273468913,-11.251432854953332
1651841280,32938,32960,32922,32924,32971.153846153844,32969.32307692299,32987.583333333336,33001.9999999999,608,601.85,-12.854999162671524,2.4465543201295077,15.301553482801031,2.4465543201295077,15.301553482801031,-12.854999162671524
1651841340,32921,32927,32882,32889,32970.5,32970.13076923068,32976.25,32995.51666666657,730,621.1,-15.559322736039817,-4.147599937248742,11.411722798791075,-4.147599937248742,11.411722798791075,-15.559322736039817
1651841400,32890,32902,32887,32892,32969.846153846156,32970.399999999914,32964.166666666664,32986.43333333323,542,564.7,-16.35128045897819,-9.027377774931665,7.323902684046527,-9.027377774931665,7.323902684046527,-16.35128045897819
1651841460,32891,32913,32888,32897,32969.5,32970.330769230684,32952.75,32975.849999999904,432,515.2,-15.738185379748039,-12.34882904063852,3.3893563391095176,-12.34882904063852,3.3893563391095176,-15.738185379748039
1651841520,32897,32902,32881,32885,32969.38461538462,32970.076923076835,32941.583333333336,32964.46666666657,475,493.85,-15.325599658575964,-15.767643234110437,-0.4420435755344738,-15.767643234110437,-0.4420435755344738,-15.325599658575964
1651841580,32886,32892,32859,32873,32968.11538461538,32969.469230769144,32930.75,32953.099999999904,601,487.95,-15.0253876021104,-19.223778078172472,-4.198390476062073,-19.223778078172472,-4.198390476062073,-15.0253876021104
1651841640,32873,32883,32863,32866,32966.153846153844,32968.599999999904,32920.166666666664,32941.88333333324,527,483.25,-14.45801257697293,-22.270906197278237,-7.8128936203053065,-22.270906197278237,-7.8128936203053065,-14.45801257697293
1651841700,32865,32869,32838,32844,32963.230769230766,32967.27692307683,32908.5,32930.749999999905,478,473,-14.677239937283876,-26.15944354191015,-11.482203604626275,-26.15944354191015,-11.482203604626275,-14.677239937283876
1651841760,32844,32852,32836,32847,32955.88461538462,32964.55384615376,32897.916666666664,32919.78333333323,361,462.05,-13.74910817912162,-28.6685888285283,-14.91948064940668,-28.6685888285283,-14.91948064940668,-13.74910817912162
1651841820,32847,32851,32831,32844,32950.53846153846,32960.78461538452,32886.916666666664,32908.849999999904,467,448.2,-12.502057138188924,-30.547052072142833,-18.04499493395391,-30.547052072142833,-18.04499493395391,-12.502057138188924
1651841880,32844,32855,32836,32837,32944.61538461538,32956.08461538453,32878.083333333336,32898.31666666657,374,441.55,-11.34726208366822,-32.229072538539185,-20.881810454870966,-32.229072538539185,-20.881810454870966,-11.34726208366822
1651841940,32838,32847,32815,32823,32939.153846153844,32950.684615384525,32868.416666666664,32887.96666666657,666,448.25,-10.731688500224067,-34.29642108015105,-23.564732579926982,-34.29642108015105,-23.564732579926982,-10.731688500224067
1651842000,32822,32847,32815,32833,32933.11538461538,32944.66153846145,32860.833333333336,32878.43333333324,684,462.1,-8.930274252310006,-34.72757539531449,-25.797301143004482,-34.72757539531449,-25.797301143004482,-8.930274252310006
1651842060,32833,32845,32823,32834,32925.769230769234,32938.63846153837,32856.25,32870.099999999904,457,464.5,-7.034036233959689,-34.58984643545409,-27.555810201494403,-34.58984643545409,-27.555810201494403,-7.034036233959689
1651842120,32835,32847,32832,32835,32917.307692307695,32931.99230769223,32851.5,32863.01666666657,338,460.45,-5.161736452227622,-34.00798076677893,-28.846244314551306,-34.00798076677893,-28.846244314551306,-5.161736452227622
1651842180,32836,32840,32820,32829,32909.769230769234,32925.023076923,32845.833333333336,32856.56666666657,421,465.75,-3.8375487470733844,-33.64318024839304,-29.805631501319652,-33.64318024839304,-29.805631501319652,-3.8375487470733844
1651842240,32828,32833,32796,32797,32900.53846153846,32917.299999999916,32838.5,32850.58333333324,568,480.9,-4.57683588985558,-35.526676363639126,-30.949840473783546,-35.526676363639126,-30.949840473783546,-4.57683588985558
1651842300,32797,32820,32797,32818,32892.230769230766,32909.12307692299,32833.916666666664,32845.19999999991,449,492.3,-3.1779467204052523,-34.92227387429011,-31.74432715388486,-34.92227387429011,-31.74432715388486,-3.1779467204052523
1651842360,32819,32826,32807,32811,32884.230769230766,32900.81538461529,32829.333333333336,32839.81666666657,251,486.15,-2.2918735471046077,-34.60916908776562,-32.317295540661014,-34.60916908776562,-32.317295540661014,-2.2918735471046077
1651842420,32812,32817,32797,32799,32876.38461538462,32892.63076923067,32825.583333333336,32834.63333333324,315,487.2,-2.08753760088711,-34.926717541769904,-32.839179940882794,-34.926717541769904,-32.839179940882794,-2.08753760088711
1651842480,32799,32805,32789,32799,32868.92307692308,32884.461538461444,32821.583333333336,32829.78333333324,371,475.35,-1.5506430828383557,-34.77748379443074,-33.22684071159238,-34.77748379443074,-33.22684071159238,-1.5506430828383557
1651842540,32799,32810,32794,32800,32861.846153846156,32876.72307692298,32817.916666666664,32825.66666666658,393,458.5,-0.7661002994450925,-34.18446608589875,-33.418365786453656,-34.18446608589875,-33.418365786453656,-0.7661002994450925
1651842600,32800,32818,32796,32817,32855.807692307695,32869.43846153836,32816.25,32822.13333333324,362,449.5,1.1553653084537956,-31.974159150886408,-33.1295244593402,-31.974159150886408,-33.1295244593402,1.1553653084537956
1651842660,32818,32829,32813,32824,32849.96153846154,32862.58461538452,32816.333333333336,32819.533333333246,366,446.2,3.047895765244867,-29.319654752784118,-32.367550518028985,-29.319654752784118,-32.367550518028985,3.047895765244867
1651842720,32822,32862,32822,32846,32846.230769230766,32856.55384615375,32817.416666666664,32817.89999999991,398,442.35,5.773398842365687,-25.150801965071878,-30.924200807437565,-25.150801965071878,-30.924200807437565,5.773398842365687
1651842780,32845,32861,32838,32856,32843.03846153846,32851.37692307682,32819.25,32817.43333333324,302,427.4,8.099146935961887,-20.800267137485207,-28.899414073447094,-20.800267137485207,-28.899414073447094,8.099146935961887
1651842840,32856,32876,32855,32866,32840.807692307695,32847.169230769134,32821.833333333336,32818.21666666657,244,413.25,10.033957198079193,-16.356967575848103,-26.390924773927296,-16.356967575848103,-26.390924773927296,10.033957198079193
1651842900,32866,32868,32829,32842,32839,32843.80769230759,32822.916666666664,32819.54999999991,390,408.85,9.429639262175453,-14.603875696207979,-24.03351495838343,-14.603875696207979,-24.03351495838343,9.429639262175453
1651842960,32841,32851,32837,32847,32837.269230769234,32841.26923076913,32827.083333333336,32821.69999999991,291,405.35,9.094744503043337,-12.665084329579258,-21.759828832622595,-12.665084329579258,-21.759828832622595,9.094744503043337
1651843020,32848,32849,32840,32841,32835.11538461538,32839.04615384605,32829,32824.016666666575,226,393.3,8.223551643782418,-11.480389277894574,-19.703940921676992,-11.480389277894574,-19.703940921676992,8.223551643782418
1651843080,32841,32851,32840,32851,32833.807692307695,32837.199999999895,32832.333333333336,32826.633333333244,229,386.05,8.064226377874153,-9.623657949334302,-17.687884327208454,-9.623657949334302,-17.687884327208454,8.064226377874153
1651843140,32851,32862,32842,32859,32833.269230769234,32835.69230769221,32837.333333333336,32829.73333333324,305,368,8.213422691247663,-7.421105963148875,-15.634528654396538,-7.421105963148875,-15.634528654396538,8.213422691247663
1651843200,32860,32876,32857,32867,32833.307692307695,32834.55384615374,32843,32833.74999999991,269,347.25,8.529453184462948,-4.972712173817854,-13.502165358280802,-4.972712173817854,-13.502165358280802,8.529453184462948
1651843260,32868,32882,32865,32874,32834.46153846154,32833.992307692206,32849.166666666664,32838.166666666584,347,341.75,8.850227255857348,-2.439381288459117,-11.289608544316465,-2.439381288459117,-11.289608544316465,8.850227255857348
1651843320,32870,32879,32861,32864,32835.11538461538,32833.992307692206,32853.083333333336,32842.98333333324,295,339.6,8.052087260243741,-1.2244994690117892,-9.27658672925553,-1.2244994690117892,-9.27658672925553,8.052087260243741
1651843380,32864,32866,32834,32841,32835,32834.23076923067,32854.5,32847.41666666658,406,338.85,5.74649145657385,-2.0934724085382186,-7.839963865112068,-2.0934724085382186,-7.839963865112068,5.74649145657385
1651843440,32840,32862,32835,32856,32835.730769230766,32834.72307692298,32855.333333333336,32851.016666666575,259,323.4,5.0288885071658225,-1.5538532311547897,-6.582741738320612,-1.5538532311547897,-6.582741738320612,5.0288885071658225
1651843500,32855,32873,32853,32861,32837.192307692305,32835.4999999999,32855.75,32853.56666666658,322,317.05,4.694588154346211,-0.7145065453878487,-5.40909469973406,-0.7145065453878487,-5.40909469973406,4.694588154346211
1651843560,32861,32869,32851,32869,32838.57692307692,32836.32307692297,32856,32854.93333333325,250,317,4.798812095596171,0.5894204197611543,-4.2093916758350165,0.5894204197611543,-4.2093916758350165,4.798812095596171
1651843620,32869,32869,32848,32850,32839.192307692305,32837.13846153836,32856.666666666664,32855.649999999914,217,312.1,3.438416590981144,0.08862906289141392,-3.3497875280897302,0.08862906289141392,-3.3497875280897302,3.438416590981144
1651843680,32851,32853,32835,32839,32839.346153846156,32838.00769230758,32856,32855.94999999991,497,318.4,1.7340446359955841,-1.18223173309525,-2.916276369090834,-1.18223173309525,-2.916276369090834,1.7340446359955841
1651843740,32838,32838,32773,32778,32837.38461538462,32838.338461538355,32850.75,32855.03333333324,589,328.2,-3.2914145292948915,-7.030544530709449,-3.739130001414557,-7.030544530709449,-3.739130001414557,-3.2914145292948915
1651843800,32776,32826,32767,32779,32836.692307692305,32838.23846153835,32844.75,32852.83333333324,1284,374.3,-6.170826988043411,-11.452663736468821,-5.281836748425411,-11.452663736468821,-5.281836748425411,-6.170826988043411
1651843860,32771,32833,32770,32812,32836.46153846154,32837.81538461528,32840.833333333336,32849.799999999916,1065,409.25,-5.497965582771345,-12.154293726889591,-6.6563281441182465,-12.154293726889591,-6.6563281441182465,-5.497965582771345
1651843920,32812,32838,32775,32782,32835.346153846156,32837.046153846044,32833.75,32845.21666666658,1212,449.95,-6.641862090055181,-14.958655756687222,-8.31679366663204,-14.958655756687222,-8.31679366663204,-6.641862090055181
1651843980,32784,32786,32745,32756,32833.692307692305,32835.91538461528,32823.916666666664,32838.799999999916,1016,485.65,-8.5940935128807,-19.059410557732917,-10.465317044852217,-19.059410557732917,-10.465317044852217,-8.5940935128807
1651844040,32757,32797,32750,32760,32832.192307692305,32834.87692307682,32815.25,32831.69999999991,954,521.15,-9.016516811574272,-21.735963059320056,-12.719446247745784,-21.735963059320056,-12.719446247745784,-9.016516811574272
1651844100,32759,32762,32729,32734,32829.653846153844,32833.46923076912,32806.333333333336,32824.01666666658,875,545.4,-10.351921336891026,-25.659347918859567,-15.30742658196854,-25.659347918859567,-15.30742658196854,-10.351921336891026
1651844160,32735,32739,32673,32681,32824.42307692308,32831.061538461436,32791.75,32814.19999999991,740,567.85,-13.889043496175262,-32.668730952187616,-18.779687456012354,-32.668730952187616,-18.779687456012354,-13.889043496175262
1651844220,32681,32687,32623,32658,32818.03846153846,32827.5999999999,32774.833333333336,32802.416666666584,785,595.8,-16.67455197154437,-39.62287742044282,-22.948325448898448,-39.62287742044282,-22.948325448898448,-16.67455197154437
1651844280,32660,32698,32649,32663,32811,32823.061538461436,32757.666666666668,32789.166666666584,773,623,-17.01804333014025,-44.220879611573764,-27.202836281433513,-44.220879611573764,-27.202836281433513,-17.01804333014025
1651844340,32664,32671,32607,32620,32801.92307692308,32817.00769230759,32738.5,32773.81666666658,1694,692.45,-18.83737958516941,-50.74956076289527,-31.912181177725863,-50.74956076289527,-31.912181177725863,-18.83737958516941
1651844400,32620,32680,32611,32673,32794.5,32809.97692307683,32724.666666666668,32757.483333333243,1586,758.3,-15.316944291640546,-51.05836154227654,-35.741417250636,-51.05836154227654,-35.741417250636,-15.316944291640546
1651844460,32671,32702,32628,32691,32788.692307692305,32802.83076923067,32717.416666666668,32742.61666666658,1320,806.95,-10.832898494647822,-49.282540368945774,-38.44964187429795,-49.282540368945774,-38.44964187429795,-10.832898494647822
1651844520,32691,32694,32624,32633,32780.46153846154,32795.31538461529,32705.25,32728.699999999917,1354,859.9,-10.805393475738242,-51.956383718970756,-41.15099024323251,-51.956383718970756,-41.15099024323251,-10.805393475738242
1651844580,32629,32632,32586,32610,32771.57692307692,32787.430769230676,32688.416666666668,32714.84999999992,1319,905.55,-11.314357826472495,-55.293937526323134,-43.97957969985064,-55.293937526323134,-43.97957969985064,-11.314357826472495
1651844640,32606,32613,32586,32601,32761.96153846154,32779.43846153837,32673.333333333332,32701.816666666586,1277,956.45,-11.213655029077856,-57.996648486197955,-46.7829934571201,-57.996648486197955,-46.7829934571201,-11.213655029077856
1651844700,32600,32629,32585,32601,32752.03846153846,32770.94615384606,32660.416666666668,32688.966666666587,1133,997,-10.136186519038105,-59.453226605917735,-49.31704008687963,-59.453226605917735,-49.31704008687963,-10.136186519038105
1651844760,32602,32604,32551,32551,32739.884615384617,32761.184615384525,32643,32674.083333333256,955,1032.25,-11.670763634599815,-63.9054946301294,-52.23473099552958,-63.9054946301294,-52.23473099552958,-11.670763634599815
1651844820,32552,32558,32501,32508,32725.80769230769,32750.253846153755,32624.166666666668,32657.86666666659,839,1063.35,-14.288751598592924,-70.09567049377074,-55.806918895177816,-70.09567049377074,-55.806918895177816,-14.288751598592924
1651844880,32508,32568,32499,32568,32714.423076923078,32738.82307692298,32614.75,32643.133333333255,865,1081.75,-10.842774909702584,-69.36038753230605,-58.517612622603465,-69.36038753230605,-58.517612622603465,-10.842774909702584
1651844940,32568,32591,32543,32569,32703.96153846154,32727.223076922983,32607.333333333332,32629.93333333325,979,1101.25,-7.5171957350975305,-67.91410729147537,-60.396911556377844,-67.91410729147537,-60.396911556377844,-7.5171957350975305
1651845000,32568,32617,32566,32604,32694.26923076923,32715.669230769137,32602.416666666668,32618.33333333325,1335,1103.8,-2.2544779660965233,-63.2150090139985,-60.96053104790197,-63.2150090139985,-60.96053104790197,-2.2544779660965233
1651845060,32604,32615,32542,32554,32682.46153846154,32704.184615384518,32596.916666666668,32609.11666666659,1158,1108.45,-1.4728426296030506,-62.80158433490578,-61.32874170530273,-62.80158433490578,-61.32874170530273,-1.4728426296030506
1651845120,32555,32567,32522,32542,32669.884615384617,32692.999999999905,32586,32601.48333333325,1328,1114.25,-1.1124094333912495,-62.71925349704179,-61.60684406365054,-62.71925349704179,-61.60684406365054,-1.1124094333912495
1651845180,32541,32579,32530,32543,32658.076923076922,32681.73076923067,32573.666666666668,32593.266666666586,1418,1134.35,-0.20270704665264105,-61.860227871966345,-61.6575208253137,-61.860227871966345,-61.6575208253137,-0.20270704665264105
1651845240,32544,32564,32525,32550,32646.96153846154,32670.330769230677,32566.75,32585.149999999918,1281,1150.7,1.3869465185367815,-59.92383767714273,-61.31078419567951,-59.92383767714273,-61.31078419567951,1.3869465185367815
1651845300,32551,32571,32522,32522,32637.115384615383,32658.8999999999,32559.416666666668,32576.54999999992,1505,1182.2,1.0826686775883942,-59.957448348694015,-61.04011702628241,-59.957448348694015,-61.04011702628241,1.0826686775883942
1651845360,32524,32569,32520,32523,32627.26923076923,32647.86153846144,32552.916666666668,32567.74999999992,1166,1203.5,1.4555066998329877,-59.22073365149117,-60.67624035132416,-59.22073365149117,-60.67624035132416,1.4555066998329877
1651845420,32522,32536,32498,32511,32615.69230769231,32637.023076922982,32545.416666666668,32559.633333333255,1382,1233.35,1.4002560181806913,-58.925920328598295,-60.326176346778986,-58.925920328598295,-60.326176346778986,1.4002560181806913
1651845480,32511,32529,32492,32520,32605.615384615383,32626.53076923067,32542.833333333332,32553.466666666587,1256,1257.5,2.416563435880377,-57.30547205192852,-59.722035487808895,-57.30547205192852,-59.722035487808895,2.416563435880377
1651845540,32520,32555,32505,32540,32597.30769230769,32616.5999999999,32545.5,32549.216666666587,1441,1244.85,4.7477126616204615,-53.78739466078332,-58.53510732240378,-53.78739466078332,-58.53510732240378,4.7477126616204615
1651845600,32542,32584,32527,32568,32589.923076923078,32607.161538461445,32545.5,32546.43333333325,1009,1216,8.28049687848764,-48.18448622429423,-56.46498310278187,-48.18448622429423,-56.46498310278187,8.28049687848764
1651845660,32567,32581,32543,32562,32583.30769230769,32598.36923076913,32544.916666666668,32544.83333333325,1291,1214.55,10.192574744799664,-43.724264671782294,-53.91683941658196,-43.724264671782294,-53.91683941658196,10.192574744799664
1651845720,32560,32561,32491,32493,32576.076923076922,32590.446153846056,32535.666666666668,32542.88333333325,1058,1199.75,6.944847227469452,-45.23578038224514,-52.18062760971459,-45.23578038224514,-52.18062760971459,6.944847227469452
1651845780,32495,32529,32475,32522,32570.846153846152,32583.492307692206,32533,32540.91666666658,1075,1187.55,6.871607243291933,-43.59111855559968,-50.46272579889161,-43.59111855559968,-50.46272579889161,6.871607243291933
1651845840,32524,32569,32506,32566,32567.115384615383,32577.453846153745,32535,32538.816666666582,1190,1183.2,9.733517080214561,-38.29582944862341,-48.02934652883797,-38.29582944862341,-48.02934652883797,9.733517080214561
1651845900,32568,32627,32562,32617,32567,32572.86923076913,32541.166666666668,32537.949999999917,1453,1199.2,14.709634911382608,-29.64230288960971,-44.35193780099232,-29.64230288960971,-44.35193780099232,14.709634911382608
1651845960,32616,32650,32609,32642,32565.80769230769,32569.36923076913,32548.833333333332,32538.73333333325,1153,1209.1,19.05725554229646,-20.530368373121746,-39.587623915418206,-20.530368373121746,-39.587623915418206,19.05725554229646
1651846020,32641,32684,32624,32630,32563.46153846154,32566.84615384605,32557.833333333332,32543.16666666658,950,1214.65,20.378347945010738,-14.114688984154782,-34.49303692916552,-14.114688984154782,-34.49303692916552,20.378347945010738
1651846080,32632,32633,32571,32590,32561.80769230769,32565.038461538363,32563.416666666668,32549.24999999992,1055,1224.15,17.89987627715488,-12.11819158272192,-30.0180678598768,-12.11819158272192,-30.0180678598768,17.89987627715488
1651846140,32592,32617,32571,32576,32560.5,32563.715384615283,32568.833333333332,32556.016666666583,1054,1227.9,14.788298860413175,-11.532694284360332,-26.320993144773507,-11.532694284360332,-26.320993144773507,14.788298860413175
1651846200,32572,32596,32548,32555,32558.73076923077,32562.06153846144,32571.75,32562.13333333325,1083,1215.3,10.962587884195713,-12.617758289528865,-23.58034617372458,-12.617758289528865,-23.58034617372458,10.962587884195713
1651846260,32557,32624,32535,32601,32558.73076923077,32560.646153846057,32576.833333333332,32567.73333333325,1124,1213.6,11.140619439519277,-9.654571874325484,-20.79519131384476,-9.654571874325484,-20.79519131384476,11.140619439519277
1651846320,32603,32626,32589,32601,32560.653846153848,32560.08461538452,32579.583333333332,32572.08333333325,1321,1213.25,10.857782279087978,-7.222963464984787,-18.080745744072765,-7.222963464984787,-18.080745744072765,10.857782279087978
1651846380,32598,32643,32567,32641,32565.76923076923,32560.876923076827,32586.166666666668,32576.633333333255,1169,1200.8,12.828867798037702,-2.0446609965256357,-14.873528794563338,-2.0446609965256357,-14.873528794563338,12.828867798037702
1651846440,32637,32661,32588,32598,32566.923076923078,32562.161538461438,32594.916666666668,32581.84999999992,1280,1200.75,10.783235145124157,-1.3944848631581408,-12.177720008282298,-1.3944848631581408,-12.177720008282298,10.783235145124157
1651846500,32600,32637,32595,32611,32568.53846153846,32564.123076922977,32602.333333333332,32587.966666666587,1369,1193.95,9.876448802430847,0.16784099475626135,-9.708607807674586,0.16784099475626135,-9.708607807674586,9.876448802430847
1651846560,32610,32665,32606,32657,32570.576923076922,32566.492307692206,32609.916666666668,32594.583333333256,1108,1191.05,11.81447698370835,5.05948842196085,-6.754988561747498,5.05948842196085,-6.754988561747498,11.81447698370835
1651846620,32655,32737,32647,32729,32577.30769230769,32569.823076922978,32619.25,32602.516666666586,1225,1183.2,17.06631683207761,14.577907478349516,-2.4884093537280947,14.577907478349516,-2.4884093537280947,17.06631683207761
1651846680,32730,32792,32715,32784,32586.615384615383,32573.992307692206,32631.083333333332,32611.49999999992,1296,1185.2,22.996081637956813,26.256692693717923,3.2606110557611094,26.256692693717923,3.2606110557611094,22.996081637956813
1651846740,32782,32815,32775,32800,32596.5,32579.907692307595,32645.25,32621.566666666586,837,1155,26.49860699344403,36.38386979756615,9.885262804122117,36.38386979756615,9.885262804122117,26.49860699344403
1651846800,32799,32824,32718,32746,32604.03846153846,32587.007692307594,32658.25,32632.74999999992,2727,1240.9,23.768545365396236,39.59594451086741,15.827399145471176,39.59594451086741,15.827399145471176,23.768545365396236
1651846860,32744,32749,32713,32733,32612.153846153848,32595.323076922978,32671.333333333332,32645.03333333325,1471,1249.9,19.8374841968489,40.624254391532304,20.786770194683402,40.624254391532304,20.786770194683402,19.8374841968489
1651846920,32734,32802,32731,32793,32622.53846153846,32604.36923076913,32691.166666666668,32659.41666666658,1426,1268.3,19.973208325267485,45.75328060126776,25.780072276000276,45.75328060126776,25.780072276000276,19.973208325267485
1651846980,32794,32807,32720,32779,32632.846153846152,32613.61538461528,32706,32674.399999999918,1886,1308.85,17.882769703571107,48.13353440546416,30.250764701893054,48.13353440546416,30.250764701893054,17.882769703571107
1651847040,32780,32813,32766,32794,32643.384615384617,32622.992307692206,32722.083333333332,32689.766666666583,1780,1338.35,16.31655344611849,50.64645650954117,34.32990306342268,50.64645650954117,34.32990306342268,16.31655344611849
1651847100,32794,32820,32778,32802,32653.46153846154,32632.876923076827,32735.5,32705.21666666658,1729,1352.15,14.677100882440456,52.67627916647325,37.999178284032794,52.67627916647325,37.999178284032794,14.677100882440456
1651847160,32802,32851,32791,32809,32662.73076923077,32642.992307692206,32753.083333333332,32721.566666666582,1634,1376.2,12.98041828769832,54.22470114365569,41.24428285595737,54.22470114365569,41.24428285595737,12.98041828769832
1651847220,32810,32828,32779,32790,32671.5,32652.784615384513,32768,32736.93333333325,1532,1405.3,9.647963665260278,53.30423743753272,43.65627377227244,53.30423743753272,43.65627377227244,9.647963665260278
1651847280,32790,32809,32767,32769,32682.115384615383,32662.638461538365,32777.333333333336,32751.199999999917,1808,1442.95,5.315306615548636,50.30040704170824,44.985100426159605,50.30040704170824,44.985100426159605,5.315306615548636
1651847340,32767,32810,32706,32712,32689.423076923078,32671.846153846058,32775.916666666664,32761.966666666587,1589,1469.7,-1.7266834529040906,42.82674611002949,44.55342956293358,42.82674611002949,44.55342956293358,-1.7266834529040906
1651847400,32714,32748,32692,32723,32695.46153846154,32680.246153846056,32770.833333333336,32769.03333333325,1418,1486.45,-5.754141612811118,37.360752546919684,43.1148941597308,37.360752546919684,43.1148941597308,-5.754141612811118
1651847460,32725,32779,32721,32769,32701.30769230769,32687.961538461437,32768.25,32772.066666666586,1305,1495.5,-5.434290475531867,36.32203106531597,41.756321540847836,36.32203106531597,41.756321540847836,-5.434290475531867
1651847520,32767,32788,32727,32736,32704.923076923078,32694.646153846057,32767.416666666668,32771.94999999992,1436,1501.25,-7.435606811655205,32.46181302627883,39.89741983793404,32.46181302627883,39.89741983793404,-7.435606811655205
1651847580,32736,32752,32686,32694,32707.384615384617,32699.699999999903,32764.166666666668,32769.316666666586,1256,1505.6,-11.344285364627524,25.717063132149633,37.06134849677716,25.717063132149633,37.06134849677716,-11.344285364627524
1651847640,32695,32696,32662,32674,32710.615384615383,32703.938461538364,32754.25,32764.983333333257,1280,1505.6,-14.813717689799567,18.544201384527696,33.35791907432726,18.544201384527696,33.35791907432726,-14.813717689799567
1651847700,32673,32683,32646,32668,32714.153846153848,32707.67692307682,32745,32759.816666666586,943,1484.3,-16.898754860977096,12.234475498105894,29.13323035908299,12.234475498105894,29.13323035908299,-16.898754860977096
1651847760,32671,32690,32613,32614,32716.423076923078,32710.699999999903,32730,32752.166666666588,1145,1486.15,-21.031511058600532,2.8438415358323255,23.875352594432858,2.8438415358323255,23.875352594432858,-21.031511058600532
1651847820,32613,32621,32593,32600,32716.384615384617,32712.992307692206,32713.166666666668,32741.316666666586,1081,1478.95,-23.630450341512052,-5.662710332457209,17.967740009054843,-5.662710332457209,17.967740009054843,-23.630450341512052
1651847880,32601,32623,32586,32613,32716.846153846152,32714.884615384515,32696.833333333332,32727.849999999926,919,1460.1,-23.354846706142308,-11.225818373623042,12.129028332519265,-11.225818373623042,12.129028332519265,-23.354846706142308
1651847940,32614,32659,32600,32659,32717.53846153846,32716.269230769132,32685.916666666668,32714.183333333254,1043,1470.4,-19.132769530899154,-11.786933581104677,7.345835949794477,-11.786933581104677,7.345835949794477,-19.132769530899154
1651848000,32661,32716,32635,32716,32722.076923076922,32717.853846153746,32681.5,32701.483333333257,1223,1395.2,-11.912845705020288,-7.545221181480883,4.367624523539405,-7.545221181480883,4.367624523539405,-11.912845705020288
1651848060,32718,32752,32700,32722,32726.346153846152,32719.838461538362,32682.333333333332,32691.949999999924,2002,1421.75,-6.419959083396816,-3.657324330706615,2.762634752690201,-3.657324330706615,2.762634752690201,-6.419959083396816
1651848120,32722,32723,32669,32693,32727.73076923077,32722.107692307596,32679.833333333332,32685.283333333256,1300,1415.45,-4.516477964641636,-2.8829627031118434,1.633515261529792,-2.8829627031118434,1.633515261529792,-4.516477964641636
1651848180,32694,32734,32684,32717,32727.26923076923,32724.192307692207,32675.5,32681.016666666586,1642,1403.25,-1.5699201531341243,-0.3288849298878631,1.2410352232462611,-0.3288849298878631,1.2410352232462611,-1.5699201531341243
1651848240,32717,32739,32694,32695,32723.846153846152,32725.453846153745,32672.083333333332,32678.249999999924,1595,1394,-1.0560798778219382,-0.07906462403116166,0.9770152537907766,-0.07906462403116166,0.9770152537907766,-1.0560798778219382
1651848300,32695,32803,32673,32795,32723.653846153848,32725.769230769132,32680.5,32678.04999999992,1910,1403.05,5.694205824482576,8.094772534393996,2.4005667099114207,8.094772534393996,2.4005667099114207,5.694205824482576
1651848360,32798,32886,32791,32869,32728.384615384617,32726.176923076826,32696.75,32680.933333333254,1658,1404.25,14.327276063410984,20.309661789175152,5.982385725764168,20.309661789175152,5.982385725764168,14.327276063410984
1651848420,32869,32901,32865,32880,32734.03846153846,32727.438461538364,32714.416666666668,32687.84999999992,1658,1410.55,19.634711786133362,30.52577545843087,10.89106367229751,30.52577545843087,10.89106367229751,19.634711786133362
1651848480,32881,32887,32818,32829,32735.423076923078,32729.06923076914,32732.333333333332,32699.216666666587,1686,1404.45,18.578033035088524,34.113604966158164,15.53557193106964,34.113604966158164,15.53557193106964,18.578033035088524
1651848540,32828,32868,32820,32857,32738.423076923078,32731.98461538452,32753.75,32715.54999999992,1589,1404.45,18.58709581783513,38.769441703363555,20.182345885528424,38.769441703363555,20.182345885528424,18.58709581783513
1651848600,32855,32889,32806,32831,32739.846153846152,32735.223076922983,32771.916666666664,32733.833333333256,1717,1419.4,15.775152063765844,39.90128596523573,24.126133901469885,39.90128596523573,24.126133901469885,15.775152063765844
1651848660,32830,32838,32795,32814,32740.30769230769,32737.6076923076,32784.833333333336,32751.449999999917,1567,1432.5,11.880867014331386,38.97721766938412,27.09635065505273,38.97721766938412,27.09635065505273,11.880867014331386
1651848720,32816,32843,32790,32798,32739.884615384617,32738.77692307683,32791.666666666664,32766.899999999918,1424,1431.9,7.5490750313224915,36.532694444205845,28.983619412883353,36.532694444205845,28.983619412883353,7.5490750313224915
1651848780,32797,32855,32795,32843,32741.923076923078,32740.076923076827,32801.75,32780.78333333325,1263,1432.25,7.045813495823349,37.79088628266254,30.74507278683919,37.79088628266254,30.74507278683919,7.045813495823349
1651848840,32844,32906,32836,32900,32746.96153846154,32741.78461538452,32819,32793.833333333256,1488,1442.65,9.718335606788486,42.8929922953248,33.17465668853632,42.8929922953248,33.17465668853632,9.718335606788486
1651848900,32901,32912,32869,32895,32754,32744.61538461529,32833.833333333336,32806.21666666659,1628,1476.9,10.26243414765738,46.002699373108044,35.74026522545066,46.002699373108044,35.74026522545066,10.26243414765738
1651848960,32895,32919,32866,32881,32760.076923076922,32748.56923076914,32849.333333333336,32819.11666666659,1620,1500.65,8.846206346953679,46.79802315914276,37.95181681218908,46.79802315914276,37.95181681218908,8.846206346953679
1651849020,32873,32947,32871,32938,32766.576923076922,32753.9076923076,32861.25,32833.03333333325,1271,1510.15,10.786416812087865,51.43483782729891,40.64842101521104,51.43483782729891,40.64842101521104,10.786416812087865
1651849080,32941,32967,32926,32966,32775.42307692308,32760.6076923076,32869.333333333336,32846.549999999916,1403,1534.35,12.853372042108923,56.7151360678472,43.861764025738275,56.7151360678472,43.861764025738275,12.853372042108923
1651849140,32967,32976,32916,32921,32784.153846153844,32768.046153846066,32872.75,32857.29999999992,1204,1542.4,10.203430333126533,56.61605194214644,46.41262160901991,56.61605194214644,46.41262160901991,10.203430333126533
1651849200,32920,32935,32891,32921,32793.653846153844,32775.97692307683,32880.416666666664,32866.616666666596,1420,1552.25,7.584482517590345,55.89322475600784,48.308742238417494,55.89322475600784,48.308742238417494,7.584482517590345
1651849260,32920,32937,32889,32899,32802.53846153846,32784.46923076914,32883.916666666664,32873.53333333325,1351,1519.7,3.70097547227806,52.93496157876507,49.23398610648701,52.93496157876507,49.23398610648701,3.70097547227806
1651849320,32898,32913,32871,32889,32813.11538461538,32793.77692307683,32888.75,32879.03333333325,1458,1527.6,-0.014176249088265536,49.216265795126674,49.23044204421494,49.216265795126674,49.23044204421494,-0.014176249088265536
1651849380,32891,32892,32852,32870,32823.5,32803.392307692215,32893.416666666664,32883.849999999926,1558,1523.4,-4.003378386573459,44.22621906099812,48.22959744757158,44.22621906099812,48.22959744757158,-4.003378386573459
1651849440,32869,32896,32861,32876,32833.61538461538,32813.28461538452,32899.916666666664,32889.28333333325,958,1491.55,-6.350663343171355,40.29126826860738,46.64193161177874,40.29126826860738,46.64193161177874,-6.350663343171355
1651849500,32875,32884,32844,32863,32841.46153846154,32822.84615384606,32901.583333333336,32893.51666666659,1027,1447.4,-8.7438390300578,35.71213282420649,44.45597185426429,35.71213282420649,44.45597185426429,-8.7438390300578
1651849560,32865,32912,32850,32912,32849,32832.13846153837,32902.583333333336,32897.24999999992,988,1413.9,-7.063699779046999,35.62634713045554,42.69004690950254,35.62634713045554,42.69004690950254,-7.063699779046999
1651849620,32911,32916,32867,32879,32855.03846153846,32840.52307692298,32901.25,32899.74999999992,1038,1382.9,-8.135510146435216,32.52065922645852,40.656169372893736,32.52065922645852,40.656169372893736,-8.135510146435216
1651849680,32880,32913,32880,32906,32863.230769230766,32848.46923076913,32903.333333333336,32901.73333333326,888,1343,-7.02840084764113,31.87066831334232,38.89906916098345,31.87066831334232,38.89906916098345,-7.02840084764113
1651849740,32905,32918,32884,32891,32869.92307692308,32855.73076923068,32899.416666666664,32901.63333333326,903,1308.7,-7.277946146743574,29.801636477553984,37.07958262429756,29.801636477553984,37.07958262429756,-7.277946146743574
1651849800,32893,32906,32823,32823,32874.846153846156,32862.4076923076,32887.5,32898.81666666659,1059,1275.8,-11.730482958990684,22.416478925559204,34.14696188454989,22.416478925559204,34.14696188454989,-11.730482958990684
1651849860,32827,32864,32822,32849,32876.92307692308,32867.99230769222,32881.5,32894.599999999926,1025,1248.7,-12.558367546681602,18.449002451197885,31.007369997879486,18.449002451197885,31.007369997879486,-12.558367546681602
1651849920,32848,32899,32828,32891,32877.769230769234,32872.53846153837,32879,32890.14999999992,1009,1227.95,-10.02128558208728,18.480763020270388,28.502048602357668,18.480763020270388,28.502048602357668,-10.02128558208728
1651849980,32890,32920,32886,32915,32879.11538461538,32875.715384615294,32880.333333333336,32885.549999999916,1153,1222.45,-6.633983213443532,20.209569585553254,26.843552798996786,20.209569585553254,26.843552798996786,-6.633983213443532
1651850040,32915,32953,32905,32949,32883.730769230766,32878.47692307683,32885.333333333336,32882.73333333326,937,1194.9,-2.238050326626368,24.045989890713827,26.284040217340195,24.045989890713827,26.284040217340195,-2.238050326626368
1651850100,32950,32987,32934,32975,32888.269230769234,32881.16153846144,32894.083333333336,32884.04999999993,1032,1165.1,2.0541902215616084,28.851777994292206,26.797587772730598,28.851777994292206,26.797587772730598,2.0541902215616084
1651850160,32977,32983,32952,32968,32893.53846153846,32884.48461538452,32901.75,32888.09999999993,900,1129.1,3.945767257606164,31.729796844738303,27.78402958713214,31.729796844738303,27.78402958713214,3.945767257606164
1651850220,32967,33019,32964,33011,32901.11538461538,32889.15384615375,32914.083333333336,32895.116666666596,773,1104.2,7.415385308061229,37.053261222208675,29.637875914147447,37.053261222208675,29.637875914147447,7.415385308061229
1651850280,33010,33020,32954,32955,32907.153846153844,32894.76153846145,32917.666666666664,32902.58333333326,828,1075.45,5.357355902097069,36.33457079176878,30.977214889671714,36.33457079176878,30.977214889671714,5.357355902097069
1651850340,32956,32984,32949,32957,32911.53846153846,32900.323076922985,32924.166666666664,32910.34999999993,862,1058.35,3.6318034646116644,35.516969220436295,31.88516575582463,35.516969220436295,31.88516575582463,3.6318034646116644
1651850400,32956,32969,32933,32958,32913.769230769234,32905.42307692298,32928.5,32917.233333333264,819,1028.3,2.1330021813815137,34.551418482551526,32.41841630117001,34.551418482551526,32.41841630117001,2.1330021813815137
1651850460,32957,33002,32954,33001,32917.846153846156,32910.284615384524,32937.666666666664,32924.416666666606,899,1005.7,3.5303741055632045,36.831383933124016,33.30100982756081,36.831383933124016,33.30100982756081,3.5303741055632045
1651850520,33000,33061,33000,33043,32924.07692307692,32914.87692307683,32956,32932.79999999994,889,977.25,6.597894642119385,41.54837813021004,34.950483488090654,41.54837813021004,34.950483488090654,6.597894642119385
1651850580,33042,33044,33016,33035,32927.807692307695,32919.007692307605,32971.5,32943.56666666661,743,936.5,7.345506349994125,44.132366425583314,36.78686007558919,44.132366425583314,36.78686007558919,7.345506349994125
1651850640,33034,33047,33015,33020,32929.88461538462,32922.67692307684,32982.25,32955.18333333327,756,926.4,6.136387565523172,44.45734453249315,38.32095696696998,44.45734453249315,38.32095696696998,6.136387565523172
1651850700,33020,33026,33001,33015,32933.5,32926.623076922995,32990.583333333336,32967.59999999994,762,913.15,4.38840259093034,43.8064602056329,39.41805761470256,43.8064602056329,39.41805761470256,4.38840259093034
1651850760,33014,33018,32952,32959,32934.96153846154,32930.046153846066,32991.416666666664,32978.34999999993,792,903.35,-0.8704039231741376,38.33005271073489,39.20045663390903,38.33005271073489,39.20045663390903,-0.8704039231741376
1651850820,32958,32982,32951,32966,32937.53846153846,32932.73846153838,32990.666666666664,32985.28333333327,794,891.15,-4.031553387979372,34.16101489893481,38.19256828691418,34.16101489893481,38.19256828691418,-4.031553387979372
1651850880,32967,32984,32958,32973,32940.769230769234,32935.330769230684,32991.083333333336,32989.19999999994,764,884.95,-5.703030648480521,31.063779976313526,36.76681062479405,31.063779976313526,36.76681062479405,-5.703030648480521
1651850940,32973,32980,32945,32953,32943.96153846154,32938.146153846064,32986.25,32989.999999999935,813,880.45,-8.063267193716626,26.687726632648264,34.75099382636489,26.687726632648264,34.75099382636489,-8.063267193716626
1651851000,32958,32974,32927,32949,32946.769230769234,32940.799999999916,32985.75,32989.03333333327,1027,878.85,-9.69201677728283,22.63597285476135,32.32798963204418,22.63597285476135,32.32798963204418,-9.69201677728283
1651851060,32950,32960,32927,32942,32949.807692307695,32943.76923076915,32984.5,32987.649999999936,1119,883.55,-10.946265684701608,18.645157526167168,29.591423210868776,18.645157526167168,29.591423210868776,-10.946265684701608
1651851120,32943,32946,32898,32914,32949.88461538462,32946.23846153838,32980.833333333336,32985.68333333327,1107,888.45,-13.215257209800502,13.07235169861815,26.28760890841865,13.07235169861815,26.28760890841865,-13.215257209800502
1651851180,32913,32913,32841,32855,32948.96153846154,32947.87692307683,32968.666666666664,32981.19999999994,1040,882.8,-17.94955279774314,3.850667911239725,21.800220708982867,3.850667911239725,21.800220708982867,-17.94955279774314
1651851240,32856,32857,32832,32848,32946.730769230766,32948.43076923068,32952.416666666664,32974.43333333327,1090,890.45,-20.621444433463196,-3.976584832846129,16.644859600617067,-3.976584832846129,16.644859600617067,-20.621444433463196
1651851300,32848,32851,32808,32831,32944.42307692308,32947.96153846145,32935.416666666664,32964.366666666596,1038,890.75,-22.45177244772309,-11.419855959036795,11.031916488686296,-11.419855959036795,11.031916488686296,-22.45177244772309
1651851360,32830,32836,32805,32813,32944.03846153846,32946.80769230761,32918.166666666664,32951.09999999993,990,895.25,-23.671321401748255,-18.557235263499024,5.114086138249231,-18.557235263499024,5.114086138249231,-23.671321401748255
1651851420,32814,32822,32779,32788,32941.692307692305,32945.16923076914,32899.25,32934.78333333327,874,900.3,-24.83688701922444,-25.932022635781323,-1.0951356165568802,-25.932022635781323,-1.0951356165568802,-24.83688701922444
1651851480,32788,32804,32772,32778,32937.346153846156,32942.84615384607,32884.166666666664,32917.883333333266,872,902.5,-24.89364280475134,-32.212189122496056,-7.318546317744715,-32.212189122496056,-7.318546317744715,-24.89364280475134
1651851540,32778,32792,32733,32746,32930.846153846156,32939.66923076914,32865.833333333336,32900.5666666666,912,905,-25.59969379333085,-39.318163559408276,-13.718469766077428,-39.318163559408276,-13.718469766077428,-25.59969379333085
1651851600,32744,32765,32733,32762,32923.653846153844,32935.5153846153,32848.25,32883.133333333266,1032,915.65,-23.554103333043432,-43.16109893238172,-19.606995599338287,-43.16109893238172,-19.606995599338287,-23.554103333043432
1651851660,32761,32777,32742,32767,32915.653846153844,32929.838461538384,32832.75,32866.04999999993,1138,927.6,-20.53938028885655,-45.28122096040897,-24.741840671552424,-45.28122096040897,-24.741840671552424,-20.53938028885655
1651851720,32768,32794,32767,32783,32908.53846153846,32923.20769230761,32818.916666666664,32849.983333333264,832,924.75,-16.326452775508336,-45.14990664093784,-28.823453865429506,-45.14990664093784,-28.823453865429506,-16.326452775508336
1651851780,32784,32793,32763,32772,32899.346153846156,32915.6076923076,32804.75,32834.09999999993,761,925.65,-13.269228170450631,-45.4099890784928,-32.14076090804217,-45.4099890784928,-32.14076090804217,-13.269228170450631
1651851840,32773,32787,32758,32761,32891.88461538462,32907.8153846153,32792,32819.33333333326,730,924.35,-11.066397269156973,-45.97375749448838,-34.90736022533141,-45.97375749448838,-34.90736022533141,-11.066397269156973
1651851900,32760,32761,32726,32752,32884,32899.88461538453,32783.416666666664,32806.366666666596,1067,939.6,-9.36170193935589,-46.60948764952627,-37.24778571017038,-46.60948764952627,-37.24778571017038,-9.36170193935589
1651851960,32752,32775,32730,32736,32875.46153846154,32891.84615384607,32774.083333333336,32794.63333333326,931,946.55,-8.483977715676104,-47.852757854765514,-39.36878013908941,-47.852757854765514,-39.36878013908941,-8.483977715676104
1651852020,32736,32771,32729,32769,32866.53846153846,32883.446153846075,32768.916666666664,32784.63333333326,934,953.55,-5.024192485977508,-45.64902074656129,-40.62482826058378,-45.64902074656129,-40.62482826058378,-5.024192485977508
1651852080,32770,32774,32743,32763,32855.769230769234,32874.730769230686,32764.75,32776.63333333326,800,955.35,-2.604826837240452,-43.88086180713435,-41.2760349698939,-43.88086180713435,-41.2760349698939,-2.604826837240452
1651852140,32764,32774,32753,32767,32845.46153846154,32865.44615384607,32763,32770.83333333326,822,955.8,-0.32028960523956584,-41.67639697644336,-41.35610737120379,-41.67639697644336,-41.35610737120379,-0.32028960523956584
1651852200,32765,32798,32745,32767,32835.730769230766,32855.79230769222,32762.083333333332,32766.5666666666,900,949.45,1.505439920018624,-39.47430747118051,-40.97974739119913,-39.47430747118051,-40.97974739119913,1.505439920018624
1651852260,32766,32819,32763,32813,32827.96153846154,32846.29230769222,32767.666666666668,32765.28333333326,1045,945.75,5.880071238191633,-33.629658343459596,-39.50972958165123,-33.629658343459596,-39.50972958165123,5.880071238191633
1651852320,32813,32819,32787,32787,32821.346153846156,32837.25384615377,32769.75,32765.45,906,935.7,7.0147057506655415,-30.7413473933193,-37.75605314398484,-30.7413473933193,-37.75605314398484,7.0147057506655415
1651852380,32786,32788,32720,32729,32812.230769230766,32828.54615384607,32766.583333333332,32765.81666666667,1210,944.2,4.000940442955425,-32.75487759029056,-36.75581803324599,-32.75487759029056,-36.75581803324599,4.000940442955425
1651852440,32729,32739,32714,32720,32802.5,32819.95384615377,32761.333333333332,32765.483333333337,898,934.6,1.662971627733171,-34.67710349857953,-36.3400751263127,-34.67710349857953,-36.3400751263127,1.662971627733171
1651852500,32721,32738,32716,32737,32794.192307692305,32811.64615384607,32758.416666666668,32764.75,981,931.75,1.5266081607974797,-34.43181492531585,-35.95842308611333,-34.43181492531585,-35.95842308611333,1.5266081607974797
1651852560,32737,32755,32727,32735,32785.96153846154,32803.24615384608,32756.25,32762.466666666667,845,924.5,1.56130161091464,-34.006796072470024,-35.568097683384664,-34.006796072470024,-35.568097683384664,1.56130161091464
1651852620,32734,32752,32723,32741,32778.230769230766,32794.623076922995,32755.333333333332,32759.583333333336,724,917,2.2083743230891173,-32.80762977952327,-35.016004102612385,-32.80762977952327,-35.016004102612385,2.2083743230891173
1651852680,32741,32745,32681,32682,32769.307692307695,32786.038461538374,32750.833333333332,32756.433333333338,577,902.25,-0.9478276077902166,-36.20078861235015,-35.252961004559936,-36.20078861235015,-35.252961004559936,-0.9478276077902166
1651852740,32682,32718,32681,32712,32763.80769230769,32778.299999999916,32746.083333333332,32753.38333333334,517,882.5,-0.6404627120503932,-36.05353939462293,-35.41307668257254,-36.05353939462293,-35.41307668257254,-0.6404627120503932
1651852800,32711,32720,32690,32697,32758,32771.06153846146,32740.583333333332,32749.81666666667,614,861.6,-1.0486489332836655,-36.72388784917712,-35.67523891589345,-36.72388784917712,-35.67523891589345,-1.0486489332836655
1651852860,32698,32758,32690,32735,32754.30769230769,32764.730769230686,32737.916666666668,32746.150000000005,777,843.55,1.5007953294870902,-33.79924475403459,-35.30004008352168,-33.79924475403459,-35.30004008352168,1.5007953294870902
1651852920,32733,32769,32716,32761,32752.30769230769,32759.546153846073,32737.416666666668,32742.56666666667,987,851.3,5.0011464178467335,-29.04860706121326,-34.049753479059994,-29.04860706121326,-34.049753479059994,5.0011464178467335
1651852980,32762,32818,32759,32809,32753.115384615383,32756.30769230761,32737.083333333332,32739.81666666667,1116,869.05,10.306603273927447,-21.166499386650685,-31.47310266057813,-21.166499386650685,-31.47310266057813,10.306603273927447
1651853040,32809,32824,32794,32822,32754.80769230769,32754.50769230762,32740,32738.600000000006,1069,886,14.208235571965211,-13.71280819562162,-27.92104376758683,-13.71280819562162,-27.92104376758683,14.208235571965211
1651853100,32823,32845,32817,32841,32758.46153846154,32754.599999999926,32749.333333333332,32740.350000000006,1014,883.35,17.37597036142276,-6.201080815808382,-23.57705117723114,-6.201080815808382,-23.57705117723114,17.37597036142276
1651853160,32840,32900,32837,32892,32763.46153846154,32756.430769230694,32763.666666666668,32745.5,895,881.55,21.92021640928249,3.82321933437197,-18.09699707491052,3.82321933437197,-18.09699707491052,21.92021640928249
1651853220,32893,32941,32890,32913,32769.07692307692,32759.78461538461,32778.333333333336,32753.68333333333,953,882.5,25.124525637881288,13.308659972441092,-11.815865665440196,13.308659972441092,-11.815865665440196,25.124525637881288
1651853280,32914,32926,32893,32903,32773.692307692305,32763.9,32792.333333333336,32764.733333333337,807,882.85,25.285401787980444,19.79088656953536,-5.494515218445084,19.79088656953536,-5.494515218445084,25.285401787980444
1651853340,32904,32917,32846,32858,32777,32768.338461538464,32802.083333333336,32777.15,780,880.75,21.239030872937697,21.05427337272704,-0.18475750021065895,21.05427337272704,-0.18475750021065895,21.239030872937697
1651853400,32858,32862,32829,32855,32780.61538461538,32772.76923076923,32816.5,32790.583333333336,844,877.95,17.399690287839945,21.564855359589274,4.165165071749327,21.564855359589274,4.165165071749327,17.399690287839945
1651853460,32854,32855,32779,32800,32782.46153846154,32776.56923076922,32823.833333333336,32802.61666666667,980,874.7,10.533200948101262,17.331666256875906,6.798465308774643,17.331666256875906,6.798465308774643,10.533200948101262
1651853520,32799,32801,32765,32767,32783.653846153844,32779.484615384616,32829.666666666664,32812.88333333334,905,874.65,3.5092874404818035,11.185074609376898,7.675787168895094,11.185074609376898,7.675787168895094,3.5092874404818035
1651853580,32766,32766,32712,32724,32781.92307692308,32781.13076923077,32828.75,32820.166666666664,924,860.35,-3.891266347326731,2.8117042347366805,6.702970582063411,2.8117042347366805,6.702970582063411,-3.891266347326731
1651853640,32724,32736,32711,32730,32780.653846153844,32781.86153846154,32826.166666666664,32824.98333333333,900,860.45,-8.004007197447342,-3.302038414745766,4.7019687827015755,-3.302038414745766,4.7019687827015755,-8.004007197447342
1651853700,32729,32730,32699,32709,32778.42307692308,32781.42307692308,32817.833333333336,32825.24999999999,788,850.8,-11.54524809402366,-9.729591334828001,1.8156567591956598,-9.729591334828001,1.8156567591956598,-11.54524809402366
1651853760,32711,32712,32701,32701,32776,32780.13076923076,32808,32822.08333333333,57,811.4,-13.68670260668857,-15.292721499165054,-1.6060188924764836,-15.053405259845022,-1.558155644612477,-13.495249615232545